INSERT INTO `usuario` (`id`, `email`, `username`, `password`, `activo`, `updated_at`, `created_at`, `first_name`, `last_name`) VALUES (1, 'federicodicla@gmail.com', 'federico', '1234', 0, null, null, 'Federico', 'Di Claudio');
INSERT INTO `usuario` (`id`, `email`, `username`, `password`, `activo`, `updated_at`, `created_at`, `first_name`, `last_name`) VALUES (2, 'pedrodb@gmail.com', 'pedro', '1234', 0, null, null, 'Pedro', 'Dal Bianco');
INSERT INTO `usuario` (`id`, `email`, `username`, `password`, `activo`, `updated_at`, `created_at`, `first_name`, `last_name`) VALUES (3, 'blasbutera@gmail.com', 'blas', '1234', 0, null, null, 'Blas', 'Butera');
INSERT INTO `rol` (`id`, `nombre`) VALUES (1, 'Administrador');
INSERT INTO `rol` (`id`, `nombre`) VALUES (2, 'EquipoDeGuardia');
INSERT INTO `permiso` (`id`, `nombre`) VALUES (1, 'usuario_index');
INSERT INTO `permiso` (`id`, `nombre`) VALUES (2, 'usuario_new');
INSERT INTO `permiso` (`id`, `nombre`) VALUES (3, 'usuario_destroy');
INSERT INTO `permiso` (`id`, `nombre`) VALUES (4, 'usuario_update');
INSERT INTO `permiso` (`id`, `nombre`) VALUES (5, 'usuario_show');
INSERT INTO `permiso` (`id`, `nombre`) VALUES (6, 'paciente_index');
INSERT INTO `permiso` (`id`, `nombre`) VALUES (7, 'paciente_new');
INSERT INTO `permiso` (`id`, `nombre`) VALUES (8, 'paciente_destroy');
INSERT INTO `permiso` (`id`, `nombre`) VALUES (9, 'paciente_update');
INSERT INTO `permiso` (`id`, `nombre`) VALUES (10, 'paciente_show');
INSERT INTO `permiso` (`id`, `nombre`) VALUES (11, 'configuracion_update');
INSERT INTO `usuario_tiene_rol` (`usuario_id`, `rol_id`) VALUES (1, 1);
INSERT INTO `usuario_tiene_rol` (`usuario_id`, `rol_id`) VALUES (1, 2);
INSERT INTO `usuario_tiene_rol` (`usuario_id`, `rol_id`) VALUES (2, 1);
INSERT INTO `usuario_tiene_rol` (`usuario_id`, `rol_id`) VALUES (3, 2);
INSERT INTO `rol_tiene_permiso` (`rol_id`, `permiso_id`) VALUES (1, 1);
INSERT INTO `rol_tiene_permiso` (`rol_id`, `permiso_id`) VALUES (1, 2);
INSERT INTO `rol_tiene_permiso` (`rol_id`, `permiso_id`) VALUES (1, 3);
INSERT INTO `rol_tiene_permiso` (`rol_id`, `permiso_id`) VALUES (1, 4);
INSERT INTO `rol_tiene_permiso` (`rol_id`, `permiso_id`) VALUES (1, 5);
INSERT INTO `rol_tiene_permiso` (`rol_id`, `permiso_id`) VALUES (1, 11);
INSERT INTO `rol_tiene_permiso` (`rol_id`, `permiso_id`) VALUES (2, 6);
INSERT INTO `rol_tiene_permiso` (`rol_id`, `permiso_id`) VALUES (2, 7);
INSERT INTO `rol_tiene_permiso` (`rol_id`, `permiso_id`) VALUES (2, 8);
INSERT INTO `rol_tiene_permiso` (`rol_id`, `permiso_id`) VALUES (2, 10);
INSERT INTO `rol_tiene_permiso` (`rol_id`, `permiso_id`) VALUES (1, 6);
INSERT INTO `rol_tiene_permiso` (`rol_id`, `permiso_id`) VALUES (1, 8);
INSERT INTO `rol_tiene_permiso` (`rol_id`, `permiso_id`) VALUES (1, 9);
INSERT INTO `rol_tiene_permiso` (`rol_id`, `permiso_id`) VALUES (1, 10);
INSERT INTO `configuracion` (`id`, `variable`, `valor`) VALUES (null, 'titulo', 'Hospital Korn');
INSERT INTO `configuracion` (`id`, `variable`, `valor`) VALUES (null, 'mail', 'hospitalkorn@gmail.com');
INSERT INTO `configuracion` (`id`, `variable`, `valor`) VALUES (null, 'descripcion', 'Esto es un hospital');
INSERT INTO `configuracion` (`id`, `variable`, `valor`) VALUES (null, 'cantidad', '10');
INSERT INTO `configuracion` (`id`, `variable`, `valor`) VALUES (null, 'estadoDelSitio', '0');
INSERT INTO `partido` (`id`, `nombre`, `region_sanitaria_id`) VALUES (1, 'La Plata', 1);
INSERT INTO `partido` (`id`, `nombre`, `region_sanitaria_id`) VALUES (2, 'Chivilcoy', 2);
INSERT INTO `localidad` (`id`, `nombre`, `partido_id`) VALUES (null, 'La Plata', 1);
INSERT INTO `localidad` (`id`, `nombre`, `partido_id`) VALUES (null, 'Tolosa', 1);
INSERT INTO `localidad` (`id`, `nombre`, `partido_id`) VALUES (null, 'Chivilcoy', 2);
INSERT INTO `localidad` (`id`, `nombre`, `partido_id`) VALUES (null, 'Moquehua', 2);